ID	Metagenomics_1	Metagenomics_2	Metagenomics_3	Metagenomics_4	Metagenomics_5	Metagenomics_6	Metagenomics_7	Metagenomics_8	Metagenomics_9	Metagenomics_10	Metagenomics_11	Metagenomics_12	Metagenomics_13	Metagenomics_14	Metagenomics_15	Metagenomics_16	Metagenomics_17	Metagenomics_18	Metagenomics_19	Metagenomics_20	Metagenomics_21	Metagenomics_22	Metagenomics_23	Metagenomics_24	Metagenomics_25	Metagenomics_26	Metagenomics_27	Metagenomics_28	Metagenomics_29	Metagenomics_30	Metagenomics_31	Metagenomics_32	Metagenomics_33	Metagenomics_34	Metagenomics_35	Metagenomics_36	Metagenomics_37	Metagenomics_38	Metagenomics_39	Metagenomics_40
1	0	0	1	1	0	0	0	1	1	1	0	0	1	1	1	0	1	1	1	1	1	0	0	0	0	0	1	0	0	0	0	0	0	0	1	1	1	1	0	0
2	0	1	0	1	0	1	1	0	1	0	0	0	1	1	1	0	1	0	1	1	0	0	0	1	1	0	1	0	1	0	0	0	1	0	0	0	1	0	0	1
3	0	1	1	0	1	0	0	1	0	0	1	0	0	1	0	0	1	0	1	0	1	1	0	1	1	0	0	1	1	1	0	1	1	0	0	0	1	1	0	1
4	1	0	1	0	0	0	0	1	1	1	1	1	0	1	0	1	1	0	1	0	1	0	1	1	1	0	0	0	0	0	0	1	0	0	1	0	0	0	1	1
5	0	0	0	0	1	1	1	0	0	0	1	1	1	0	1	1	1	1	0	1	0	0	1	1	1	0	1	1	0	0	1	0	1	1	0	1	0	0	1	0
6	1	0	1	1	0	1	0	1	1	0	1	1	1	1	0	1	0	1	0	0	0	0	1	1	0	1	1	1	1	1	0	1	0	0	0	1	1	0	1	0
7	0	0	0	1	0	0	0	0	0	1	1	0	0	1	1	0	0	1	0	0	0	1	1	1	1	0	1	0	0	1	1	1	0	1	1	0	0	1	1	0
8	0	0	0	1	1	0	0	0	0	0	1	0	0	1	1	0	0	1	0	0	0	1	1	0	1	1	1	1	1	1	0	1	1	0	0	1	0	0	1	0
9	0	0	1	0	1	1	0	0	0	0	1	1	0	0	0	1	0	1	0	0	1	1	1	0	1	1	0	1	0	1	0	0	1	1	1	1	0	0	1	0
10	1	1	1	0	1	0	0	0	0	0	1	1	0	1	0	0	1	0	0	1	1	1	1	0	0	0	1	1	0	1	0	1	0	0	0	1	0	0	0	0
11	1	1	0	0	0	1	1	1	1	1	1	1	0	0	0	1	1	1	0	1	1	0	1	0	1	0	0	0	0	0	1	1	0	1	0	1	0	0	0	0
12	0	0	0	0	1	1	1	1	0	0	0	0	1	1	1	0	1	0	1	0	0	1	1	0	0	1	1	1	1	1	0	1	1	0	0	1	0	0	1	0
13	1	0	1	1	1	0	0	1	0	1	1	0	1	1	0	0	0	0	1	0	0	1	1	1	0	0	1	0	1	0	1	1	0	0	0	0	0	1	1	1
14	0	1	1	0	0	1	1	1	0	1	0	0	0	0	0	0	1	1	0	1	1	0	0	0	0	0	0	0	0	0	1	0	1	0	1	0	1	1	0	1
15	1	0	0	0	0	1	0	0	1	0	0	1	1	0	1	0	0	1	1	0	0	1	1	0	1	1	1	1	0	0	1	0	1	1	0	1	0	0	0	1
16	1	0	0	0	1	1	1	0	1	0	0	0	1	0	0	0	1	1	0	0	0	0	0	0	0	1	0	1	0	0	1	0	1	1	1	1	1	1	0	1
17	0	0	0	0	0	1	0	0	1	1	1	1	1	1	0	1	0	1	1	0	1	1	1	0	1	1	1	0	1	1	0	1	1	1	1	0	0	0	1	1
18	1	1	0	1	0	1	1	1	0	0	1	1	0	1	1	1	1	0	0	1	0	0	1	0	1	0	1	0	1	0	0	0	0	1	1	0	1	0	1	1
19	0	0	0	1	1	1	0	0	0	0	1	0	1	0	1	0	0	0	1	0	1	1	0	0	0	0	1	0	0	0	0	1	1	0	0	1	1	0	1	0
20	0	0	0	1	1	1	0	0	0	1	0	1	1	0	1	0	0	1	1	0	1	1	0	0	0	1	1	0	0	1	1	1	0	1	0	0	1	0	1	1
21	1	1	0	0	0	0	1	1	1	0	1	0	1	1	0	0	0	1	0	0	0	1	1	0	1	1	0	0	0	1	1	0	1	0	0	0	1	1	0	0
22	1	0	0	0	1	1	0	1	1	1	1	1	0	1	0	1	0	1	0	1	0	1	0	1	0	0	1	0	1	1	0	1	0	1	0	0	1	0	0	0
23	1	0	0	1	1	0	0	1	0	1	1	1	0	1	1	0	0	0	0	1	0	1	0	1	1	0	1	0	1	1	0	1	1	0	0	0	1	1	0	0
24	1	1	1	1	1	1	0	0	0	1	0	0	0	0	0	1	0	0	1	0	0	1	0	1	0	1	0	1	0	0	0	1	1	0	1	1	1	0	1	0
25	0	1	1	1	1	0	0	1	1	0	1	0	0	1	1	1	1	1	1	0	0	1	1	1	0	0	1	0	1	1	0	1	1	0	1	0	0	1	1	0
26	1	0	1	1	0	0	1	1	0	1	0	0	1	0	1	0	1	0	0	0	1	1	1	0	0	0	1	0	0	0	0	0	1	0	0	1	0	1	0	1
27	1	1	1	0	0	0	0	1	1	1	1	1	0	1	0	1	0	0	1	1	1	0	1	1	1	0	1	1	0	1	0	0	1	1	1	0	0	1	0	1
28	0	1	0	1	1	1	1	0	0	0	1	1	1	1	1	0	1	0	0	1	1	0	0	1	0	1	0	0	1	1	0	1	1	1	1	0	1	0	1	1
29	1	1	0	1	0	1	0	0	1	0	0	0	0	0	0	0	1	1	1	1	1	0	1	1	0	0	0	0	0	0	1	1	1	0	0	0	0	0	1	1
30	0	1	1	1	0	0	0	0	0	1	1	0	1	1	1	1	1	1	1	1	0	0	0	0	0	0	0	0	1	0	0	1	0	0	1	1	0	1	1	0
31	1	1	0	1	1	0	1	0	0	1	1	1	0	1	1	0	1	0	0	1	0	1	1	1	1	0	1	0	0	1	1	1	0	1	1	1	0	1	1	0
32	1	1	1	1	1	0	1	1	0	1	1	0	0	1	0	1	1	1	0	1	0	0	1	0	1	1	0	1	1	0	0	1	0	0	1	1	0	1	1	1
33	1	0	1	0	1	0	0	1	0	1	1	1	0	1	0	0	1	1	1	1	0	1	1	1	1	1	1	0	1	1	0	1	1	0	0	1	0	0	1	1
34	0	1	0	0	0	1	0	0	1	1	1	0	1	1	1	1	0	1	1	1	1	1	1	1	0	0	1	0	1	1	0	1	0	1	1	1	0	0	1	1
35	1	1	0	1	0	0	0	0	1	1	0	0	0	1	1	0	1	1	0	0	0	0	0	1	0	0	1	0	0	0	0	0	0	1	0	1	0	0	0	1
36	1	0	1	0	0	0	0	1	1	1	0	0	1	1	0	1	1	1	0	1	0	0	0	0	0	0	0	0	0	1	0	1	0	0	1	0	0	1	0	0
37	0	0	0	0	1	1	0	1	0	0	1	0	0	1	0	0	0	1	0	0	0	0	1	0	1	1	1	0	1	0	0	0	0	1	0	0	0	0	1	0
38	1	0	1	1	1	1	0	1	0	1	0	1	1	0	0	0	1	0	1	0	1	1	1	1	1	1	0	1	0	1	0	1	1	1	0	1	0	0	0	1
39	0	0	0	0	0	1	1	1	0	1	0	1	0	0	1	0	1	0	1	0	0	0	0	0	0	1	1	1	1	0	1	0	0	0	1	1	0	0	0	1
40	0	1	0	1	0	1	1	1	1	0	1	0	0	1	0	0	1	0	0	0	1	0	0	0	1	0	1	1	1	1	0	1	1	1	1	1	1	1	0	0
41	1	1	1	0	1	0	1	1	0	0	0	0	0	1	1	0	1	1	0	1	0	1	1	0	1	1	0	0	1	1	0	1	0	0	0	0	1	1	0	1
42	0	1	1	1	1	0	0	1	1	0	1	0	1	1	1	1	0	0	1	0	1	1	0	1	0	0	1	0	0	1	1	0	1	0	0	0	1	1	1	1
43	0	1	0	1	0	1	0	1	0	0	1	1	1	0	0	0	1	0	1	1	0	1	0	0	0	0	0	0	1	0	0	0	1	1	1	1	0	0	1	0
44	0	0	1	1	1	0	1	1	1	0	0	0	1	1	0	1	0	1	0	1	1	0	1	0	0	0	1	1	1	0	1	1	0	0	0	1	1	1	1	1
45	1	0	1	1	1	1	1	0	0	1	0	1	1	1	0	1	1	0	1	0	1	1	1	1	1	0	1	0	1	1	0	1	0	0	1	0	0	0	0	1
46	1	0	0	1	0	0	1	1	0	1	0	0	0	1	1	1	1	1	1	0	0	1	0	1	1	0	1	0	1	1	1	1	1	1	0	1	0	1	1	1
47	1	0	0	1	1	1	1	0	1	1	1	0	1	0	1	0	1	1	0	0	0	1	0	1	0	0	0	0	0	0	0	1	1	1	1	0	1	0	1	1
48	1	0	1	1	0	0	0	1	1	1	1	0	1	0	1	0	1	1	0	0	1	0	0	1	0	1	1	0	1	0	1	1	1	1	0	0	1	1	1	0
49	1	1	1	1	0	1	0	1	1	1	0	0	0	0	0	1	0	0	0	1	1	1	1	1	0	1	1	1	1	1	1	0	1	0	1	1	0	0	1	1
50	0	1	1	0	1	1	0	0	0	0	1	1	1	1	1	0	0	1	1	0	1	1	1	1	0	0	1	0	0	1	0	0	0	1	1	1	1	0	1	0
51	1	1	0	1	1	1	0	0	0	0	0	0	1	1	1	1	0	0	1	0	1	1	1	0	0	0	0	1	0	1	0	1	1	1	1	1	0	1	0	1
52	1	0	0	0	0	1	0	0	0	0	1	1	0	0	1	0	1	1	0	1	0	0	0	0	1	0	1	1	1	1	1	1	0	0	0	0	1	0	1	0
53	0	0	1	1	0	1	0	1	1	0	1	1	0	0	0	1	0	1	0	1	0	1	0	0	1	1	1	0	0	1	1	1	0	1	0	0	1	0	0	0
54	0	0	0	0	0	0	0	0	1	1	0	0	0	1	0	0	0	1	0	1	0	0	1	0	1	1	0	1	1	0	1	1	0	1	1	0	1	1	1	1
55	0	1	0	1	1	1	0	1	0	1	1	0	0	1	1	0	1	1	0	0	1	0	1	1	1	1	1	1	1	1	0	0	0	0	1	1	0	0	0	1
56	0	0	1	0	1	1	1	1	0	1	1	1	1	0	0	1	0	1	1	0	0	0	0	0	1	0	1	0	0	0	1	1	1	1	0	0	0	0	1	0
57	0	0	1	1	0	1	0	1	1	1	0	0	1	0	1	0	0	0	1	0	1	1	1	0	0	1	0	0	0	1	0	0	1	0	0	0	1	0	1	0
58	0	1	0	1	1	1	0	0	0	1	0	0	0	1	0	0	1	0	1	0	0	1	1	0	1	0	1	1	0	0	0	0	0	0	0	1	0	1	0	1
59	0	1	0	1	1	1	1	0	1	1	1	0	1	0	1	0	0	0	1	1	1	1	0	1	0	0	1	1	1	0	1	0	0	1	0	1	0	0	1	0
60	0	0	1	1	0	1	1	1	0	0	0	1	1	1	0	0	0	0	1	1	1	0	1	1	0	1	0	0	0	0	0	0	1	0	1	0	0	0	0	1
61	0	1	1	0	0	0	0	0	1	0	0	0	1	1	1	1	0	0	0	1	1	1	1	0	0	0	0	0	1	0	0	1	0	1	0	0	0	1	1	1
62	1	0	0	1	0	1	1	0	1	1	1	0	0	0	0	1	1	1	1	1	1	1	0	1	0	0	1	1	0	0	1	0	1	1	0	0	1	1	0	1
63	0	1	1	1	1	0	0	0	1	0	0	0	0	1	0	1	1	0	0	1	1	1	1	0	1	0	0	0	1	0	0	0	1	0	0	0	0	0	0	0
64	0	1	1	1	0	0	1	1	0	0	1	1	0	1	1	1	1	0	0	0	1	1	1	0	1	1	0	0	1	0	0	0	0	1	1	1	1	1	0	0
65	0	1	0	0	1	1	0	1	0	0	1	0	1	0	1	1	1	0	0	0	0	1	1	1	0	0	1	0	1	1	0	0	1	1	1	0	0	0	0	0
66	0	1	1	0	0	1	0	1	1	1	0	0	1	0	0	0	1	1	0	0	0	1	1	1	0	1	0	0	1	0	1	1	1	0	0	1	0	1	0	0
67	1	0	1	1	0	0	1	1	1	0	1	1	0	0	0	0	0	1	1	1	1	1	1	1	1	0	0	1	1	1	0	0	1	1	1	1	0	1	1	0
68	1	0	1	0	1	0	0	0	0	0	0	0	0	1	1	0	0	0	0	1	1	1	0	0	1	0	1	0	1	1	1	1	1	1	1	0	0	1	1	1
69	0	0	0	0	0	1	1	0	1	0	0	1	0	0	0	0	0	0	0	1	0	1	0	1	0	1	1	1	0	1	1	0	0	1	0	0	1	0	0	0
70	1	1	0	0	1	0	0	1	1	0	0	1	0	1	0	1	0	1	0	0	0	0	0	0	0	0	1	1	0	0	1	0	0	0	1	1	0	1	0	1
71	1	1	0	1	1	0	0	1	0	1	1	0	1	0	1	0	0	0	0	1	0	0	0	1	0	1	0	1	1	1	0	0	0	1	0	0	1	1	1	0
72	1	0	1	1	1	0	1	1	0	0	0	0	0	1	1	1	1	0	1	1	1	0	0	0	0	0	1	1	0	1	1	1	1	0	0	0	0	1	0	0
73	0	0	0	1	0	0	1	1	0	0	1	1	1	1	1	1	0	1	1	0	1	1	0	0	0	0	1	1	0	1	0	1	1	1	1	0	0	1	0	0
74	1	1	0	1	1	1	1	0	0	1	1	0	1	1	0	0	0	1	0	0	1	1	0	0	0	0	1	0	1	0	1	0	0	1	1	0	1	0	1	0
75	1	1	1	1	0	1	0	0	1	1	0	0	0	0	0	1	1	1	1	1	1	0	0	1	1	1	1	0	0	0	0	0	0	0	0	0	1	0	1	1
76	1	0	0	0	1	1	1	1	1	1	0	1	1	0	1	1	1	0	0	1	1	0	0	1	1	0	1	0	0	1	1	1	0	0	1	1	1	0	1	1
77	1	1	0	1	1	1	1	1	0	0	1	0	1	0	1	0	1	1	1	1	0	0	0	0	0	0	0	0	1	1	0	1	0	1	1	1	1	1	1	0
78	1	1	1	0	1	0	0	0	1	1	0	0	0	0	1	0	0	0	1	1	0	1	0	0	0	1	1	1	1	1	0	1	0	0	1	0	1	1	1	1
79	0	1	1	1	0	1	1	1	1	1	1	0	0	0	0	1	0	1	1	1	1	0	1	1	0	1	1	1	1	0	0	1	0	0	1	0	0	0	0	0
80	0	0	0	1	0	1	0	1	1	1	1	0	1	0	0	1	1	0	1	0	0	0	0	1	1	0	0	0	1	0	0	0	0	1	1	1	0	0	0	0
81	1	1	0	0	1	1	0	0	0	1	0	1	0	0	0	0	1	0	1	1	0	1	0	0	1	0	1	0	1	1	1	0	0	1	0	1	1	0	0	0
82	0	1	0	0	0	0	1	1	0	1	1	1	1	0	0	0	1	0	0	1	1	0	0	0	0	0	1	0	0	1	0	0	0	1	1	0	1	1	0	1
83	1	1	0	0	0	1	1	0	1	1	0	1	0	1	0	0	1	1	0	1	0	0	1	1	0	0	1	0	1	0	1	1	1	1	1	0	1	0	1	1
84	1	0	1	1	1	0	1	0	0	0	1	0	1	0	1	1	1	0	0	1	0	1	1	0	1	1	1	1	1	1	0	1	1	0	1	0	1	1	0	0
85	1	1	1	0	1	0	1	0	0	1	0	1	1	0	0	0	0	0	1	1	1	1	0	1	0	0	1	1	0	1	1	0	1	0	1	1	1	1	0	1
86	1	1	0	0	0	1	1	0	1	1	0	0	0	0	1	0	0	0	0	1	0	1	0	0	1	0	0	0	1	0	1	0	1	0	0	0	1	1	0	1
87	0	1	0	1	0	0	0	0	0	1	1	1	1	0	1	1	1	1	1	1	0	1	0	1	1	0	1	1	1	1	0	0	0	1	1	0	0	1	0	0
88	0	0	1	0	1	1	1	1	0	0	1	1	0	0	1	1	1	0	1	0	1	0	0	0	0	1	1	0	1	0	1	1	1	0	1	1	1	0	1	1
89	0	0	0	0	0	1	1	0	1	0	1	1	1	0	1	1	0	1	1	1	0	1	0	1	0	1	1	1	0	1	0	0	0	1	0	1	1	1	1	1
90	1	1	0	1	0	1	1	0	0	1	1	1	1	0	0	0	0	0	1	0	0	1	0	0	1	0	0	0	0	0	0	0	0	0	1	0	0	1	1	0
91	0	0	0	1	0	0	1	0	1	0	1	1	1	0	1	1	0	0	1	0	1	0	1	1	1	0	0	0	0	0	0	0	1	1	0	1	0	1	1	1
92	0	0	1	1	0	0	1	1	1	1	0	0	1	1	0	1	0	0	1	0	0	0	1	1	1	1	0	1	0	1	1	1	1	0	0	1	1	1	0	0
93	1	1	1	0	1	1	0	1	0	1	0	1	0	1	0	0	0	0	1	0	1	1	1	1	1	1	0	0	0	0	1	0	0	1	1	1	0	0	0	0
94	0	0	1	1	0	1	1	0	0	1	0	1	1	0	0	1	0	0	1	0	1	0	1	0	0	0	0	0	1	1	0	0	0	1	1	1	1	1	0	0
95	0	0	0	1	0	0	0	0	1	1	0	0	0	1	1	0	1	1	0	1	1	1	1	1	0	0	1	0	1	1	0	0	1	1	1	1	0	0	1	0
96	1	1	0	1	0	1	0	1	1	0	0	0	0	0	0	0	0	0	0	1	1	0	0	1	0	1	1	1	1	0	1	1	0	1	1	1	1	1	0	0
97	0	1	0	1	0	0	1	1	1	1	0	1	0	0	1	0	1	0	0	1	1	0	0	1	0	1	1	1	0	1	1	0	0	1	0	0	1	1	1	1
98	1	0	0	0	1	1	0	0	0	0	1	0	1	0	0	1	1	1	0	0	0	0	1	1	0	1	1	1	0	0	0	0	0	1	1	1	0	0	0	1
99	0	1	0	1	0	1	0	0	1	0	0	1	1	1	1	0	1	0	1	1	0	0	0	1	1	1	0	0	1	1	0	1	1	1	1	0	1	0	1	1
100	1	0	0	0	1	1	0	1	1	1	1	0	0	0	1	0	1	1	1	0	1	0	0	0	0	1	1	1	0	1	1	0	0	1	1	1	1	0	1	0
101	1	1	1	1	0	1	1	1	1	0	0	1	1	0	1	1	0	1	1	1	0	1	0	1	1	1	0	1	1	1	1	1	0	0	1	1	0	0	0	1
102	0	1	0	1	0	0	0	1	1	1	1	0	1	1	1	0	0	1	1	0	1	0	0	1	0	1	0	1	0	0	0	0	0	1	1	1	1	1	0	1
103	0	1	0	0	1	0	1	1	1	0	1	0	0	1	0	0	1	1	0	1	0	0	1	1	0	1	0	0	0	1	0	0	1	1	1	0	0	1	1	1
104	0	0	0	1	1	0	1	1	0	1	1	0	1	0	0	1	0	0	1	0	1	0	1	0	1	0	0	1	0	1	0	0	0	1	0	0	1	1	1	0
105	1	0	0	0	1	1	0	1	0	0	1	1	0	0	0	0	0	0	1	1	0	1	1	1	1	0	1	1	0	1	0	1	1	1	1	0	1	0	1	1
106	0	0	0	1	1	0	1	0	0	0	1	1	0	1	0	0	0	0	0	1	1	0	1	1	1	1	0	0	1	0	0	0	1	1	0	0	0	0	1	0
107	1	0	0	1	0	1	1	1	0	0	0	1	0	1	0	1	1	1	1	0	0	0	1	0	0	0	1	0	0	1	1	1	1	0	1	1	0	0	1	1
108	1	1	0	1	0	1	0	1	1	0	1	1	0	0	0	1	1	1	0	1	0	1	0	0	1	0	1	1	0	0	0	0	1	1	1	1	1	0	1	0
109	0	0	1	0	0	1	0	0	1	1	1	0	0	1	1	1	1	0	0	1	0	0	0	1	0	0	0	0	0	0	0	1	1	1	0	1	0	0	0	0
110	1	0	0	0	0	0	1	0	1	0	1	1	0	0	0	0	1	1	1	0	0	0	1	0	0	0	0	1	1	1	1	0	0	1	0	0	1	1	0	0
111	0	0	1	1	0	1	1	0	0	0	1	0	1	1	1	0	1	0	0	1	1	1	0	0	1	0	1	0	0	1	0	0	0	0	1	0	0	0	1	1
112	1	0	0	0	0	0	0	1	1	1	1	0	1	1	0	1	1	1	1	0	1	1	0	0	0	1	1	0	0	0	0	1	0	0	0	0	0	1	0	0
113	1	0	0	1	0	0	1	0	1	1	0	1	1	1	0	0	1	1	1	1	1	0	1	0	0	1	1	1	1	0	1	0	0	1	0	1	0	1	0	1
114	0	1	1	1	0	1	1	1	1	0	0	0	1	0	1	0	0	1	1	0	0	1	0	1	1	0	0	0	1	1	0	0	1	0	1	1	1	0	1	0
115	0	1	1	1	1	0	0	1	0	1	1	0	1	1	1	0	1	0	0	0	0	1	1	0	0	0	0	1	0	1	1	0	1	0	1	0	0	0	0	0
116	1	1	1	0	0	1	1	1	0	1	0	0	0	1	0	0	0	1	1	1	0	0	1	0	1	1	1	0	0	0	0	0	1	0	1	0	0	1	0	1
117	0	0	0	1	0	0	0	1	1	0	0	1	0	1	0	0	1	0	1	0	0	0	1	0	1	0	0	0	0	1	1	0	0	0	1	0	0	0	1	1
118	0	0	0	1	1	1	0	1	1	1	0	1	1	0	0	1	1	0	1	1	0	0	1	0	0	1	0	1	1	0	1	0	1	1	1	0	0	0	0	1
119	0	1	1	0	0	1	1	1	0	0	1	1	0	0	0	1	1	1	0	1	0	0	1	0	0	0	0	1	0	0	1	0	0	0	0	1	0	1	1	1
120	1	0	0	0	1	0	1	0	1	1	1	0	0	0	1	1	0	0	1	1	1	0	1	1	1	0	1	0	1	0	0	0	1	1	1	1	1	1	1	1
121	0	0	0	1	1	1	0	0	0	0	1	0	1	0	1	0	0	0	0	1	0	0	1	0	1	0	0	0	1	0	1	1	0	1	0	0	0	0	1	0
122	0	1	0	1	1	1	1	1	1	1	1	1	0	0	0	1	1	1	0	0	1	1	1	0	1	1	1	1	0	1	1	1	1	0	0	0	1	0	1	0
123	1	0	0	0	0	0	1	0	1	0	1	1	1	1	0	1	1	0	0	1	0	0	0	1	0	1	0	1	0	0	1	0	0	1	1	0	1	0	0	0
124	1	0	0	0	1	0	1	0	0	1	1	0	1	1	0	0	1	1	1	0	1	1	0	0	0	0	0	1	0	0	0	0	1	0	0	0	1	1	1	1
125	1	1	1	1	1	1	1	0	0	1	1	1	0	0	1	0	1	0	1	1	1	0	1	0	1	0	1	1	0	0	1	1	1	0	1	0	0	0	1	0
126	0	0	0	0	0	1	1	1	1	1	1	1	0	0	0	0	0	1	1	1	1	0	1	0	1	0	0	0	0	0	1	1	0	1	1	0	0	1	1	1
127	1	1	1	1	1	1	0	1	0	1	0	0	1	0	1	1	1	1	0	1	1	1	1	1	1	0	0	1	1	1	0	1	1	0	1	1	0	0	0	0
128	0	1	0	0	0	1	1	1	1	0	1	0	0	0	0	1	0	0	1	0	0	0	0	0	1	0	1	0	0	0	1	0	0	1	1	0	0	0	1	0
129	1	1	1	1	0	1	0	1	1	0	0	0	0	0	1	1	1	0	0	0	1	1	1	1	0	1	0	0	1	1	1	0	1	0	0	0	0	0	1	1
130	1	1	1	0	0	0	1	0	1	1	1	0	0	0	1	0	1	0	0	1	0	1	0	1	0	1	1	1	0	1	1	1	1	0	1	0	1	1	1	0
131	0	0	0	1	0	1	1	1	1	1	1	1	0	1	0	0	0	0	1	1	0	1	0	0	0	0	1	1	1	1	0	1	0	1	1	0	0	0	0	0
132	0	1	1	1	0	0	1	0	0	0	1	0	0	0	1	1	0	0	1	1	0	1	1	1	0	0	1	1	0	0	0	1	1	0	1	0	0	0	1	0
133	0	1	1	0	1	1	1	0	0	0	0	1	0	1	1	0	1	0	0	0	0	1	1	1	0	0	1	1	0	0	0	0	1	0	1	1	0	0	0	1
134	1	1	1	1	1	0	1	0	0	1	0	0	1	1	1	0	0	0	0	1	1	1	0	0	1	0	1	1	1	1	0	1	0	0	0	0	1	0	0	1
135	1	1	0	1	1	1	0	0	0	1	0	1	1	1	0	0	1	1	1	0	0	0	0	1	0	1	0	1	0	0	1	1	1	1	0	0	1	0	1	0
136	0	0	0	1	0	0	1	0	0	0	1	1	1	1	1	0	0	0	1	0	0	1	0	1	0	0	0	1	1	1	1	1	1	1	0	1	0	1	0	0
137	0	0	1	1	0	0	0	1	1	1	1	0	0	1	1	1	1	1	0	1	1	1	0	0	0	1	1	0	0	0	0	1	1	0	1	0	1	1	0	0
138	1	0	1	0	0	0	0	1	1	0	1	0	1	0	0	0	1	0	0	0	1	1	1	0	1	1	0	1	1	1	0	0	1	0	0	1	0	1	1	0
139	0	0	1	0	1	1	1	1	0	1	1	1	1	1	0	0	0	0	1	0	0	1	1	0	0	0	0	1	0	1	1	1	0	0	0	0	0	0	1	1
140	0	0	1	0	1	0	0	1	1	1	1	1	1	1	0	0	1	0	0	1	1	1	1	0	0	0	1	1	0	1	1	0	0	0	0	1	1	1	0	0
141	0	1	1	0	1	1	0	0	1	1	1	1	0	0	0	1	1	0	0	0	0	1	1	0	1	0	1	1	1	1	1	1	1	0	1	1	1	0	0	1
142	0	0	0	1	0	0	0	0	1	1	0	0	0	1	0	0	0	1	1	1	1	1	0	1	1	0	1	0	0	1	0	0	1	1	1	1	1	1	1	1
143	0	1	0	1	0	0	1	0	0	1	1	1	0	1	1	1	0	0	0	1	0	1	1	0	0	0	1	1	0	0	1	1	0	1	1	1	1	1	0	0
144	0	1	0	1	1	1	1	0	1	1	1	1	0	1	1	0	1	1	0	0	0	0	1	0	1	1	0	0	1	1	1	1	1	1	1	0	0	0	1	1
145	0	0	0	1	0	1	1	0	1	0	1	0	1	0	0	1	0	0	1	0	0	1	0	1	1	0	0	0	0	0	0	1	1	1	1	0	1	1	0	0
146	0	0	1	1	0	1	0	1	1	0	1	1	0	1	1	1	0	0	1	1	1	0	1	0	0	1	1	1	0	0	1	1	1	0	0	0	0	1	1	0
147	1	0	1	1	0	1	0	1	0	1	0	1	0	1	1	0	1	1	0	0	0	1	0	1	1	1	1	1	0	0	1	1	1	0	1	0	1	1	0	1
148	1	1	1	0	1	1	1	0	1	1	0	0	1	1	0	1	0	1	0	1	0	0	1	0	1	1	1	1	0	0	1	1	0	1	1	0	1	0	0	1
149	1	1	0	0	0	0	1	0	1	1	1	0	0	0	0	1	0	1	1	0	0	0	0	0	1	0	0	1	1	1	0	0	0	1	1	1	1	1	0	0
150	0	1	0	1	0	0	1	0	1	0	1	0	0	0	0	1	1	1	0	0	1	0	0	1	1	0	0	0	0	1	1	1	1	1	1	1	0	1	1	0
151	0	1	1	0	0	0	0	1	1	0	1	1	1	0	0	0	0	1	0	0	1	0	1	1	1	0	1	1	1	0	1	0	1	0	0	0	1	1	0	0
152	1	1	0	0	0	1	0	0	1	1	1	0	1	0	1	0	0	0	0	0	1	0	1	0	1	0	1	0	1	1	0	0	0	1	1	1	1	0	0	1
153	1	0	0	0	1	0	0	1	0	0	0	1	1	0	0	1	0	1	1	0	1	0	0	1	1	1	0	1	1	0	0	0	0	0	1	1	0	0	1	1
154	1	0	1	1	1	0	1	0	0	0	1	0	0	0	1	0	0	1	1	0	1	1	0	0	0	0	0	1	1	0	0	0	0	0	0	0	1	1	1	0
155	1	1	0	1	1	0	1	1	0	0	1	0	1	0	1	1	0	1	1	0	0	1	1	1	0	1	0	0	1	0	0	0	0	1	1	1	1	1	0	1
156	0	0	0	0	0	0	1	0	0	1	0	0	1	0	1	0	0	0	1	0	0	0	1	1	1	0	0	1	1	0	0	1	0	1	0	1	0	1	1	1
157	1	1	0	1	1	0	1	0	1	1	1	1	1	0	1	1	0	0	0	1	1	1	0	1	0	1	0	0	0	1	0	1	0	1	0	1	1	1	1	0
158	0	0	0	0	1	0	1	0	0	0	1	0	1	0	1	1	0	1	0	0	1	0	0	0	1	1	0	1	0	0	1	1	0	1	1	1	1	0	1	0
159	0	0	1	0	1	0	0	1	0	0	1	1	0	1	0	0	0	1	0	1	1	0	0	1	1	1	1	1	0	1	0	0	1	0	0	0	1	0	0	0
160	1	1	0	0	1	0	0	0	0	0	0	1	0	1	0	0	0	0	1	1	1	0	0	0	1	1	0	1	0	1	0	0	0	1	0	0	0	1	1	1
161	0	1	0	1	0	1	0	0	1	1	1	0	1	0	1	0	0	0	0	0	1	1	0	1	0	0	1	1	1	1	1	1	0	1	0	1	1	1	0	0
162	1	1	0	0	0	0	1	1	0	1	1	0	1	1	1	0	1	0	1	0	1	1	1	1	0	1	0	0	0	0	0	0	1	1	0	0	0	1	1	1
163	0	1	1	1	1	1	1	0	0	1	1	1	0	1	0	1	1	0	1	1	0	0	0	1	0	1	1	0	0	0	0	1	1	0	0	1	1	0	0	0
164	1	1	1	1	1	0	0	0	0	1	1	0	1	0	1	0	0	1	0	0	0	0	1	1	0	0	0	0	1	1	1	1	0	0	0	0	0	1	0	0
165	0	0	0	0	1	0	0	1	1	1	1	0	0	1	0	1	1	0	1	0	1	0	1	0	1	1	0	1	1	0	0	1	1	0	1	0	0	1	1	0
166	0	1	0	1	0	0	1	0	1	1	1	0	1	0	0	1	1	1	0	1	1	0	1	0	0	0	0	1	1	0	0	1	0	0	1	0	0	1	1	0
167	0	0	0	0	0	1	1	0	0	1	0	0	1	0	0	1	0	1	0	1	1	0	1	0	1	0	1	0	0	1	0	0	0	0	0	1	1	1	0	1
168	1	0	1	0	1	0	0	1	0	1	0	0	1	1	0	1	0	0	0	1	0	1	1	1	0	0	0	1	0	1	0	1	1	1	0	0	0	0	1	1
169	1	0	0	1	1	0	1	1	0	0	0	0	0	1	1	1	1	0	0	0	0	0	0	1	1	0	0	0	1	0	0	0	0	0	0	0	1	0	0	0
170	0	0	0	0	0	1	0	1	0	1	0	1	0	1	1	1	0	0	1	0	0	1	1	1	0	0	1	0	1	1	1	0	1	0	0	0	1	0	0	1
171	1	1	0	0	1	0	1	0	0	0	0	0	0	1	0	1	1	1	0	1	0	0	0	0	0	1	1	0	0	1	1	0	0	0	0	1	1	1	0	1
172	0	0	0	1	0	0	0	1	1	0	0	0	1	0	0	1	0	1	0	1	0	1	0	1	1	0	1	1	1	1	0	1	1	1	0	1	1	1	1	1
173	0	0	1	0	1	0	1	1	1	0	1	0	0	1	0	0	1	1	0	0	0	0	0	0	0	0	1	0	1	1	1	0	1	0	1	0	0	1	1	0
174	1	0	0	1	0	0	0	0	1	0	1	1	0	1	1	1	0	1	0	0	0	0	0	0	1	1	1	0	0	1	0	0	1	1	0	1	1	0	0	0
175	1	0	1	0	1	0	0	1	0	0	0	1	0	0	1	0	1	1	0	1	1	0	0	0	1	1	1	1	1	0	1	0	0	0	0	0	1	1	1	1
176	0	0	0	1	1	1	1	0	0	1	0	0	1	0	1	0	1	1	1	0	0	0	1	0	0	1	1	0	1	1	1	1	1	1	1	0	0	0	0	1
177	0	0	0	0	1	1	0	0	0	0	1	1	1	1	0	1	0	0	1	0	0	1	1	0	1	1	0	0	0	0	1	1	1	1	1	0	0	0	1	1
178	0	0	1	1	0	0	1	1	1	1	0	0	1	0	0	1	1	1	1	0	0	1	1	0	0	0	0	0	1	1	1	1	1	1	0	0	1	0	1	1
179	0	1	0	0	1	0	0	0	0	0	0	0	0	0	0	1	0	1	1	0	1	1	0	0	1	1	0	0	1	1	1	0	0	1	1	0	1	1	0	0
180	1	0	0	0	0	1	0	0	1	1	1	0	0	0	0	1	1	0	1	1	1	1	1	1	0	1	1	0	1	1	1	1	0	1	1	1	0	1	0	1
181	0	1	0	0	0	1	1	1	1	0	0	1	0	1	0	1	0	0	0	1	1	1	0	1	1	1	1	1	0	0	1	0	0	1	1	1	1	0	0	1
182	1	1	1	0	1	1	0	0	0	1	1	1	1	1	0	0	1	0	0	0	1	1	1	1	1	0	1	0	0	0	1	1	1	0	0	1	0	0	1	0
183	1	0	0	0	0	0	0	1	0	1	0	0	0	1	1	1	0	1	0	1	0	0	0	0	0	0	1	0	1	0	1	1	0	1	0	1	1	1	1	1
184	0	0	0	1	0	0	0	0	1	0	1	1	0	0	0	0	1	1	1	0	1	0	0	1	0	0	0	0	0	0	1	0	0	1	1	1	1	1	1	0
185	1	0	1	0	1	1	1	1	0	1	1	1	0	0	0	0	0	0	0	0	1	1	1	0	0	0	1	1	1	1	1	1	1	0	0	0	0	0	1	0
186	1	0	1	0	1	0	1	1	0	0	0	0	0	0	1	0	0	1	0	0	1	1	0	1	0	0	0	0	1	0	0	1	0	0	0	1	1	1	0	1
187	1	0	1	1	1	1	0	0	1	0	0	1	1	0	0	1	1	0	1	0	1	0	1	1	0	0	1	1	0	0	1	0	0	0	0	0	0	0	1	1
188	1	1	1	1	0	1	0	1	1	0	1	1	1	0	1	1	0	0	1	1	0	0	0	1	1	1	1	0	0	0	1	0	1	1	1	0	1	0	1	1
189	1	1	1	1	1	1	0	1	0	0	0	0	0	1	1	1	1	0	0	1	1	1	1	0	1	0	0	0	0	0	1	1	0	0	1	0	1	1	1	1
190	0	1	1	1	0	0	1	1	0	1	0	1	1	1	1	0	0	0	0	1	1	1	0	0	0	1	1	1	0	1	1	1	1	0	0	1	1	1	1	1
191	0	1	1	1	1	0	0	1	0	1	0	1	1	0	1	1	1	0	1	1	1	1	0	1	1	0	1	0	1	0	0	1	1	0	1	0	0	1	1	1
192	0	1	0	0	0	1	0	1	0	0	0	1	0	1	0	1	1	0	1	0	0	0	0	1	1	0	0	1	1	1	0	1	0	1	0	1	0	0	0	1
193	1	0	0	1	0	0	0	1	1	0	1	1	1	1	1	0	1	0	1	1	1	1	1	0	0	1	0	0	0	1	0	0	0	1	1	1	0	1	0	1
194	1	1	0	1	1	0	0	0	0	1	1	1	0	0	0	0	0	0	1	0	0	0	0	0	0	0	0	0	1	0	0	1	0	1	1	0	1	1	0	0
195	1	0	0	1	1	0	1	1	0	1	0	0	0	0	1	0	1	1	1	0	1	1	1	0	1	1	0	1	0	0	1	1	0	1	0	0	0	1	1	1
196	0	0	0	1	0	0	1	0	0	1	1	0	1	0	1	0	0	0	1	1	0	0	1	1	1	1	0	0	0	0	1	0	1	1	0	1	0	1	1	0
197	0	0	0	0	1	1	1	1	0	1	1	0	0	0	1	0	1	0	0	0	1	1	0	0	1	0	0	1	0	1	0	0	1	1	0	0	1	1	1	0
198	1	0	0	0	1	0	0	0	0	1	1	1	1	1	1	1	0	0	0	1	1	0	0	1	0	0	0	0	0	0	0	1	1	0	1	0	1	0	1	1
199	0	0	0	0	0	0	1	1	1	0	1	0	0	0	0	0	1	1	0	1	0	0	0	0	1	1	0	1	1	1	0	0	0	1	0	0	0	1	1	1
200	1	0	1	1	1	0	1	1	0	0	0	1	0	0	1	1	1	0	0	0	1	0	1	0	0	1	1	1	0	1	1	1	1	0	0	1	1	1	0	1
201	0	1	1	0	0	1	0	0	1	0	1	1	0	0	1	1	0	0	1	1	0	1	0	1	1	0	1	1	1	1	0	1	1	0	0	0	0	0	0	0
202	0	1	1	0	1	0	1	1	0	1	1	0	1	1	1	1	1	0	0	0	1	0	0	0	0	0	1	0	0	0	1	0	0	1	1	0	1	1	0	0
203	1	1	1	0	0	1	1	1	1	0	0	1	0	0	0	0	1	1	1	0	1	1	0	0	0	0	1	1	1	0	1	1	1	0	1	0	0	0	0	1
204	1	0	1	0	0	0	1	0	0	1	1	0	1	0	1	1	1	1	0	1	1	1	1	1	1	1	1	1	1	0	0	0	0	1	0	0	1	0	1	0
205	1	1	0	0	0	0	1	0	0	1	1	0	1	0	0	1	0	0	1	1	0	0	1	0	1	1	1	1	1	1	0	1	0	1	1	1	0	1	1	0
206	0	1	1	1	0	0	0	0	0	1	1	0	0	0	0	1	1	1	0	1	1	0	1	0	1	1	0	1	0	0	0	1	1	0	0	0	1	1	0	1
207	0	0	0	1	1	0	1	1	0	1	1	1	0	0	1	1	0	0	1	1	0	1	0	1	1	1	1	0	0	1	1	1	0	0	0	1	1	1	1	0
208	1	0	0	0	0	1	1	0	1	0	0	0	1	1	0	1	0	1	1	1	1	1	0	0	0	1	1	0	1	0	1	1	1	1	1	0	1	0	1	1
209	0	1	1	1	0	0	0	1	1	0	1	0	1	1	0	1	0	1	0	0	0	1	0	1	1	0	0	0	0	1	0	1	1	0	1	0	1	0	0	1
210	1	1	0	1	0	1	0	0	1	1	0	1	0	0	0	0	1	0	1	0	1	0	0	0	0	0	1	0	1	0	0	0	0	0	1	1	1	1	1	1
211	1	1	1	1	0	0	1	0	0	1	0	0	1	1	1	0	1	1	0	0	1	1	1	0	0	0	1	1	0	0	1	1	0	1	1	0	1	1	1	1
212	0	0	0	0	0	0	0	0	1	1	1	1	1	1	1	0	1	1	0	1	0	0	0	0	0	1	0	1	1	0	1	0	1	1	1	0	1	0	1	0
213	1	1	0	0	1	0	0	1	1	1	1	0	0	1	1	0	0	0	0	0	0	0	0	0	0	1	1	1	1	1	0	0	1	0	1	0	1	0	0	0
214	1	1	1	0	1	0	0	1	0	1	1	0	0	0	1	1	1	0	0	1	1	1	0	1	0	0	0	1	1	1	0	0	1	1	0	1	0	1	0	0
215	1	0	0	1	0	0	1	1	1	1	1	0	1	0	1	1	0	0	0	0	0	1	0	0	1	0	0	0	1	1	0	1	0	1	0	0	0	1	1	1
216	0	1	0	0	0	1	1	0	0	0	1	1	1	0	1	1	0	0	0	1	0	1	1	1	1	0	1	1	0	0	1	0	1	0	0	0	1	0	0	1
217	0	1	0	1	0	1	1	1	1	1	1	1	1	0	1	0	1	1	1	1	0	1	0	1	1	1	1	1	0	0	0	1	0	1	1	1	1	0	0	0
218	1	0	0	1	1	0	1	1	0	0	1	1	1	1	0	0	0	1	0	0	1	0	0	1	0	1	1	1	0	0	0	1	0	1	1	1	1	0	1	0
219	0	1	0	0	1	0	0	1	0	0	0	1	1	1	0	0	1	0	1	1	0	1	0	0	0	1	1	1	0	0	1	1	1	1	1	1	1	1	1	0
220	1	1	0	1	0	0	0	1	0	1	1	0	1	1	0	1	1	0	1	1	1	1	0	0	0	1	0	0	1	0	1	0	1	1	0	0	1	0	0	0
221	1	1	0	1	0	0	0	1	1	0	1	0	0	1	1	1	1	0	1	1	1	1	1	1	0	0	0	1	1	0	0	0	0	0	0	1	0	0	1	0
222	1	0	0	1	0	0	0	0	0	0	0	0	1	0	1	1	1	0	0	0	1	1	0	1	0	0	0	1	1	0	1	1	1	1	0	0	1	1	0	1
223	0	1	0	1	0	1	1	1	1	0	1	1	1	1	1	1	0	1	1	1	0	0	1	0	1	0	0	0	1	1	0	1	1	0	0	0	0	0	1	0
224	0	0	1	0	1	0	0	1	0	0	1	1	0	0	1	0	0	0	0	0	1	0	1	1	0	0	0	1	1	1	1	0	1	0	1	1	1	1	0	1
225	1	1	0	0	1	0	1	0	1	0	1	1	0	1	1	0	0	1	1	0	0	1	0	0	0	1	1	0	1	0	1	1	0	0	1	1	1	1	0	1
226	1	0	0	1	0	0	1	0	0	0	0	1	0	0	0	0	0	1	1	0	0	1	0	1	0	0	0	0	1	0	0	0	1	1	1	0	0	0	0	0
227	0	1	1	0	0	0	1	0	1	1	0	1	1	0	1	1	1	0	1	1	0	1	0	0	0	0	1	0	1	1	1	0	1	1	1	0	1	1	1	1
228	1	1	1	0	1	0	1	0	0	1	0	1	1	1	0	1	1	0	1	0	1	0	1	0	0	0	0	0	0	0	0	1	0	0	1	0	1	1	0	0
229	0	1	0	0	1	0	0	1	0	1	1	1	0	1	1	0	0	0	1	0	1	0	1	1	1	1	1	0	0	1	0	1	1	1	1	0	1	1	1	0
230	0	0	1	0	0	1	1	0	1	0	0	0	1	0	1	1	1	1	0	1	1	1	0	0	0	0	1	0	1	1	0	0	0	0	1	0	1	0	1	0
231	1	1	0	1	1	1	1	0	0	1	1	0	0	0	0	1	0	0	1	1	0	0	1	1	0	1	0	0	1	1	0	1	0	0	1	0	0	0	0	0
232	0	0	1	1	0	0	1	1	1	1	0	0	1	0	0	0	1	0	0	1	0	1	1	1	0	0	0	0	0	1	1	0	0	0	0	0	0	1	1	1
233	0	0	0	1	0	1	0	0	1	0	0	0	0	0	1	1	1	0	0	0	0	1	0	1	0	1	0	0	1	1	1	0	0	0	0	1	1	0	0	0
234	0	0	0	1	0	1	0	1	1	0	1	1	0	0	0	1	0	0	0	0	0	1	0	0	1	0	1	1	0	1	1	0	0	0	1	1	1	1	0	0
235	0	1	0	0	0	1	0	0	1	0	1	0	0	0	1	1	0	0	0	1	0	0	0	0	0	0	0	1	0	1	1	0	0	0	1	1	1	0	0	0
236	0	0	0	0	0	1	0	0	1	1	1	1	1	1	0	0	0	1	0	0	1	1	0	1	1	1	1	0	0	0	1	0	0	1	0	0	0	0	0	0
237	0	1	1	1	1	0	1	0	0	1	0	0	0	1	0	0	0	0	0	1	0	1	0	0	1	1	0	0	0	1	1	1	1	1	0	1	1	1	0	1
238	1	0	0	0	1	0	0	0	0	1	0	1	0	0	0	1	1	0	1	0	0	0	1	1	1	1	1	1	0	1	0	1	0	1	0	0	0	1	1	1
239	0	0	1	1	0	1	0	1	0	1	1	0	1	1	1	1	1	0	1	1	1	1	1	0	1	0	1	0	1	0	1	0	1	1	1	0	0	1	1	1
240	1	1	0	0	0	0	1	0	0	1	1	0	1	0	1	0	0	1	0	0	1	1	0	0	1	1	0	0	1	0	1	0	1	0	1	1	1	1	0	0
241	1	0	0	1	0	1	0	1	1	1	1	0	0	0	0	1	0	0	0	1	1	0	0	1	0	0	0	0	0	0	1	0	0	1	0	1	1	0	0	1
242	0	0	0	1	0	0	1	0	1	0	0	0	1	1	1	0	0	0	0	0	0	1	0	0	1	1	1	1	0	1	1	1	1	1	1	1	1	0	1	0
243	1	0	1	1	0	1	0	1	1	0	1	0	0	0	0	1	1	0	1	1	0	1	1	0	1	0	1	0	0	0	1	0	0	0	1	0	0	0	0	0
244	0	1	1	1	0	1	1	1	0	1	1	0	1	1	0	1	1	0	1	0	1	1	0	0	0	1	0	1	1	1	1	1	0	1	0	0	1	0	0	0
245	1	0	0	1	1	1	1	0	0	1	0	0	0	1	0	1	1	1	1	1	1	0	1	1	1	0	0	1	0	0	1	0	0	1	1	1	0	0	1	1
246	1	0	1	0	0	1	1	0	1	0	1	0	1	1	1	0	0	1	1	1	0	0	1	0	1	1	1	0	0	1	1	1	1	0	1	0	1	0	0	0
247	0	0	0	0	1	0	1	1	0	0	0	0	1	1	0	0	1	0	0	0	1	0	1	0	1	0	0	1	1	1	1	0	1	1	0	0	1	1	1	0
248	0	1	0	0	0	1	1	1	1	0	1	1	0	0	1	0	0	1	1	0	1	1	0	0	0	1	0	0	1	1	1	1	1	1	1	0	1	0	0	1
249	0	1	1	0	1	0	0	1	1	0	0	0	1	1	0	1	1	1	1	0	0	1	0	1	0	0	1	1	0	0	0	1	1	0	0	1	0	0	0	0
250	0	0	0	0	1	0	0	1	0	1	0	1	1	1	1	0	1	1	1	0	1	0	1	0	0	0	0	0	1	1	0	1	1	1	1	0	1	0	0	1
251	0	0	0	0	1	1	0	0	0	1	1	1	1	1	0	0	0	0	1	1	0	0	0	1	0	0	0	0	0	0	0	0	1	1	0	0	0	0	0	0
252	1	0	0	1	1	0	1	0	1	1	0	1	0	1	1	1	1	1	0	1	0	0	1	0	0	0	1	1	0	0	1	0	1	1	1	0	0	1	1	1
253	1	1	1	1	1	1	1	0	0	1	0	0	1	1	1	1	0	1	0	0	0	0	1	1	0	1	1	0	0	0	1	1	1	0	0	0	1	1	1	1
254	1	0	1	1	0	0	0	1	1	1	1	0	1	1	1	0	1	1	1	1	1	0	0	0	1	1	0	0	1	0	1	1	0	0	1	1	1	0	1	0
255	0	1	1	1	0	1	0	1	0	0	0	0	0	0	1	0	1	1	0	1	0	0	1	1	1	1	1	1	0	1	0	1	1	0	0	1	0	1	1	0
256	1	0	1	1	0	0	1	0	1	1	1	0	1	1	1	0	0	0	0	0	1	0	1	1	0	1	0	1	0	1	0	0	1	1	1	1	0	1	1	1
257	1	1	0	1	0	1	0	0	1	1	0	0	0	1	0	1	1	0	0	0	0	0	1	1	0	0	0	0	0	1	1	1	1	1	0	0	0	0	1	1
258	0	1	0	1	0	1	0	0	1	1	0	1	0	0	1	1	0	1	0	0	0	1	0	1	0	1	1	0	0	1	0	1	0	0	0	0	1	0	1	0
259	1	1	0	0	1	1	1	0	0	1	0	0	1	1	0	1	1	1	0	0	1	1	1	0	0	0	1	0	1	1	1	0	0	0	0	0	0	0	0	1
260	0	0	0	1	0	0	0	0	1	1	0	1	0	0	0	0	0	1	0	1	1	0	1	0	1	1	0	0	1	1	0	1	0	1	0	0	0	1	0	1
261	1	1	0	0	1	1	0	0	0	0	0	1	0	1	0	0	0	0	1	0	1	1	1	0	1	1	1	1	0	0	0	0	1	0	0	1	0	0	0	1
262	1	1	0	1	0	1	1	0	1	1	0	1	0	0	1	0	1	1	1	0	1	0	1	0	1	0	0	1	0	1	0	0	0	1	1	0	0	0	1	1
263	0	1	1	0	1	0	0	1	1	0	1	0	1	0	1	1	0	1	1	0	0	1	0	0	0	1	1	1	0	1	0	1	0	0	0	1	0	1	1	0
264	1	1	1	1	0	0	1	0	1	1	0	1	0	0	0	0	1	0	0	1	0	0	0	1	0	1	1	0	0	1	0	0	1	0	1	1	1	0	1	1
265	0	0	1	0	0	1	0	1	0	1	1	0	0	0	1	1	0	0	1	1	1	1	0	1	1	0	0	1	1	1	0	1	1	0	0	0	1	0	1	1
266	0	1	0	1	1	1	0	1	0	1	1	0	0	0	0	1	1	0	1	1	0	0	1	0	1	1	0	1	0	1	1	1	0	1	1	0	1	0	1	0
267	0	0	1	1	1	0	0	0	0	0	0	1	1	0	0	0	0	0	1	1	1	1	0	1	1	0	0	0	0	0	0	1	0	1	0	1	0	0	0	0
268	0	0	1	1	0	1	0	1	0	1	1	1	1	0	1	1	1	1	1	1	1	1	0	1	0	0	1	1	0	0	0	0	0	1	0	1	0	1	0	0
269	0	1	0	1	0	0	0	0	1	1	0	1	0	1	0	0	0	0	1	0	1	0	1	1	0	1	0	1	0	1	1	0	0	0	0	1	1	0	1	1
270	0	0	1	1	0	1	0	0	0	1	1	1	1	1	0	0	1	0	0	1	1	1	0	0	1	0	0	0	0	1	0	0	0	0	1	0	0	1	1	0
271	0	1	1	0	0	0	1	1	0	1	0	1	1	1	1	0	1	1	1	0	0	1	1	1	1	0	0	0	0	0	1	0	0	1	1	1	0	1	0	1
272	1	1	0	1	1	0	1	0	0	0	0	1	0	1	0	0	0	1	0	0	0	0	1	0	0	0	1	0	0	0	1	1	0	1	1	0	1	1	1	1
273	0	0	0	0	0	0	1	1	0	1	1	0	1	1	0	0	1	1	1	1	1	0	1	1	1	0	1	1	0	0	0	1	1	0	0	1	1	1	1	0
274	1	1	0	0	0	0	1	0	1	0	1	0	1	0	0	0	1	0	1	0	1	0	0	0	1	0	1	1	0	1	1	0	0	1	0	0	0	1	0	0
275	0	0	0	0	0	1	0	1	1	1	0	1	1	1	1	1	1	1	1	0	0	0	1	1	1	0	0	0	0	0	1	0	0	1	0	0	1	1	1	0
276	1	0	0	0	1	0	0	0	1	0	0	0	1	0	1	0	1	1	0	1	1	1	1	1	0	1	1	0	1	0	0	0	1	1	1	0	0	1	1	1
277	1	0	0	1	1	0	1	0	0	1	1	1	0	0	1	0	0	0	0	0	1	0	1	0	0	1	0	1	0	1	1	1	0	1	0	1	0	1	0	0
278	0	0	1	0	1	1	0	1	0	0	1	1	0	1	1	0	0	1	0	1	0	1	0	1	0	0	1	1	0	0	1	0	0	0	1	1	1	0	1	1
279	0	0	1	1	1	1	0	0	0	0	1	0	1	1	0	1	0	1	1	0	1	0	0	1	0	0	1	0	1	0	0	0	1	0	1	0	0	0	0	0
280	1	1	0	1	1	1	1	1	1	1	0	0	0	1	1	1	0	1	1	1	1	1	1	1	1	0	0	0	1	1	1	1	0	1	1	0	1	1	1	1
281	1	1	1	1	1	1	1	0	0	1	0	0	1	1	0	0	1	1	1	0	1	1	0	0	0	0	0	0	0	0	1	0	1	0	0	1	0	0	0	1
282	0	0	1	1	0	0	0	0	1	1	0	0	0	1	0	1	0	0	1	0	0	0	0	0	1	1	1	0	0	0	0	0	1	0	1	1	1	1	0	0
283	0	0	1	0	1	1	0	1	1	0	0	0	1	0	0	1	0	0	0	0	0	0	1	1	0	1	1	0	0	1	0	1	1	1	0	0	0	0	0	1
284	0	1	0	0	0	1	1	0	1	1	1	0	0	0	0	1	1	0	1	1	0	1	0	0	1	0	1	1	0	1	1	0	0	1	1	0	1	0	0	1
285	0	0	0	1	1	0	0	1	0	1	1	1	0	1	1	0	1	0	0	0	1	0	0	1	0	0	0	0	0	1	1	0	1	1	1	0	1	1	1	0
286	0	0	1	1	1	0	0	1	1	1	0	0	1	0	0	1	0	1	1	1	0	0	1	0	0	1	1	1	1	0	1	1	0	1	1	0	0	1	0	0
287	0	1	1	1	0	1	0	1	1	1	1	1	0	0	1	1	1	1	1	0	0	0	0	1	1	1	0	0	1	1	0	0	1	1	0	0	1	1	0	1
288	0	1	1	1	1	1	1	0	0	1	0	1	0	1	0	1	1	1	1	1	1	1	0	1	0	1	0	0	1	0	0	0	1	0	0	0	0	0	0	1
289	1	1	1	0	1	1	1	0	0	0	0	1	0	1	1	0	1	1	1	0	1	0	0	1	1	1	0	0	0	0	0	0	0	0	0	1	1	0	1	1
290	0	0	0	0	0	0	1	1	0	0	0	0	1	0	1	0	0	1	0	1	1	1	0	1	0	1	1	1	0	1	0	1	0	1	1	0	1	0	0	1
291	1	0	0	1	0	1	1	1	0	1	0	1	1	1	1	0	1	1	1	0	1	1	0	1	0	0	0	0	0	1	0	1	0	0	0	0	1	0	0	1
292	1	0	1	1	0	1	0	0	0	0	1	1	0	0	1	1	1	1	0	0	0	0	1	1	0	1	1	1	1	0	1	1	0	0	0	0	1	1	0	1
293	1	0	0	1	1	0	0	1	0	1	1	1	1	0	0	0	0	0	1	0	0	0	0	1	0	0	0	0	0	1	0	1	0	1	0	0	1	1	1	0
294	1	1	0	0	1	0	1	1	0	0	0	1	1	1	1	1	1	0	1	0	0	1	0	0	1	0	1	0	1	1	0	0	0	1	0	1	0	1	1	1
295	1	0	0	1	0	0	0	0	0	0	1	0	0	1	1	0	0	1	1	1	1	0	0	1	1	1	1	1	1	0	1	0	0	0	0	0	0	1	1	1
296	0	1	1	0	0	0	0	1	1	0	1	0	1	1	0	0	0	1	1	1	1	1	1	0	1	1	0	1	1	0	0	0	1	0	1	0	0	1	1	0
297	0	1	0	1	1	1	1	1	0	0	1	0	1	0	1	0	1	1	1	1	0	1	1	1	1	0	0	0	0	1	1	0	1	0	1	0	0	0	0	0
298	1	1	0	0	0	1	0	1	1	0	1	1	1	1	0	0	0	1	1	1	0	0	0	1	1	1	0	1	0	1	0	0	0	1	0	1	0	0	1	1
299	0	1	1	0	1	0	0	1	0	1	1	1	0	0	1	1	0	1	0	0	1	0	0	0	0	1	0	1	1	0	1	1	1	1	1	1	0	0	1	0
300	0	0	1	1	0	1	1	1	1	0	0	1	0	0	1	0	1	1	0	1	0	0	0	1	1	1	1	0	0	0	1	1	0	0	1	1	1	1	1	1
301	0	0	1	0	0	1	0	1	1	0	0	0	0	1	1	1	1	0	1	1	0	1	0	0	0	1	0	1	0	1	0	1	1	0	1	0	0	0	0	1
302	0	0	0	0	1	0	0	0	0	1	0	1	0	1	1	1	1	1	0	0	0	1	0	1	1	1	0	0	0	0	0	1	1	0	0	0	0	1	0	0
303	1	1	0	1	0	1	0	0	1	1	1	0	0	0	1	1	0	1	1	1	0	0	1	1	1	1	1	1	1	1	0	0	1	1	0	0	0	0	1	0
304	1	1	1	1	0	1	1	1	0	0	0	1	0	0	0	1	1	1	1	0	0	0	0	1	0	1	1	1	1	1	0	1	0	1	1	1	0	0	0	1
305	1	1	0	1	0	0	1	1	0	0	0	0	1	0	0	0	0	1	0	0	0	0	1	1	1	0	0	1	1	0	0	0	0	1	1	1	1	1	1	0
306	1	0	0	0	1	0	0	0	0	1	0	0	0	0	1	1	0	1	1	1	0	1	1	1	1	1	1	1	0	1	1	1	1	1	0	1	0	1	0	1
307	0	1	0	1	1	0	0	1	0	0	1	1	0	0	1	0	0	0	1	0	0	0	1	0	1	0	1	1	0	1	0	0	1	1	0	1	1	0	0	1
308	0	0	1	0	1	1	1	1	0	0	1	1	0	1	1	1	1	1	1	1	1	0	1	1	0	0	1	1	1	1	1	0	1	0	0	0	0	1	1	0
309	0	0	1	0	1	0	0	1	0	1	1	1	0	1	0	0	1	1	0	0	1	1	1	1	1	1	0	0	0	0	0	1	1	1	1	1	0	1	1	0
310	1	0	0	1	0	0	0	1	1	1	0	1	0	1	1	0	0	0	0	0	0	0	0	0	0	1	1	1	0	0	0	0	0	0	0	1	1	1	0	1
311	1	0	1	0	0	0	0	0	1	0	0	0	1	0	0	0	1	0	1	1	0	1	1	0	0	1	1	1	1	0	1	1	0	0	1	0	0	0	0	1
312	0	0	0	1	1	1	0	0	1	1	0	1	1	0	1	1	1	1	0	1	1	0	0	0	0	0	0	1	0	1	1	1	0	0	1	1	1	0	0	1
313	0	0	1	1	1	0	0	1	0	1	0	0	1	1	1	0	1	1	1	1	1	1	0	1	1	0	1	0	1	1	0	1	0	0	0	0	0	1	0	0
314	1	1	1	1	0	0	0	1	1	0	1	0	1	1	0	1	0	1	1	0	0	0	0	0	1	1	1	0	1	0	0	0	0	0	1	1	1	0	0	0
315	0	1	1	0	1	1	0	1	0	1	0	1	0	1	0	1	0	0	0	1	1	1	0	1	0	0	1	0	1	0	1	0	1	0	1	0	1	0	1	0
316	1	0	1	1	0	0	1	0	1	1	0	1	0	1	1	1	1	0	1	1	1	0	0	1	0	0	1	0	1	0	1	1	1	1	0	1	0	1	1	1
317	0	0	1	1	1	1	1	0	1	0	0	0	1	0	1	0	1	1	1	0	0	1	1	0	1	0	1	1	1	0	1	1	0	1	1	0	0	0	0	1
318	0	0	0	0	0	0	1	0	1	1	0	0	1	0	0	1	0	0	1	0	0	1	0	0	1	0	1	1	1	0	1	0	0	1	1	0	1	0	1	1
319	1	0	1	0	1	0	1	1	0	1	0	1	0	0	0	1	1	0	0	1	1	1	1	1	1	1	1	0	0	0	1	0	1	0	1	1	1	1	1	0
320	0	0	1	0	1	1	0	0	0	1	1	0	1	0	1	1	1	1	1	0	0	1	0	1	0	0	0	0	0	0	1	1	1	0	0	0	0	0	0	1
321	0	1	1	0	0	1	0	1	0	0	1	0	1	0	1	1	1	0	0	0	1	0	1	1	0	0	1	0	1	0	1	1	1	0	0	1	0	1	0	0
322	0	0	1	1	0	1	0	1	0	1	0	0	1	0	1	1	0	1	1	0	0	0	1	1	1	0	1	0	1	1	0	1	0	1	0	0	0	1	0	1
323	1	1	0	1	1	0	1	1	0	0	0	1	0	0	1	0	0	0	1	1	1	1	0	0	0	1	0	0	1	0	1	1	1	0	0	0	1	0	0	1
324	0	1	1	1	0	1	0	0	1	0	1	0	1	0	1	1	1	1	1	0	0	0	0	0	0	0	1	1	0	0	1	1	0	1	1	1	0	0	1	1
325	0	1	1	1	0	1	0	0	1	1	0	0	1	0	1	1	0	0	0	1	0	0	1	0	1	0	0	1	0	1	0	0	1	0	1	1	0	1	1	0
326	1	0	1	0	0	1	0	1	0	0	0	1	0	0	1	0	0	1	0	0	0	1	1	1	1	0	0	1	1	1	0	1	1	0	0	0	1	0	0	1
327	1	1	0	0	1	1	0	0	0	0	1	0	0	0	0	1	1	1	0	0	0	1	0	1	0	0	1	0	0	0	1	1	0	1	1	1	0	0	1	1
328	0	1	1	0	1	1	1	0	0	1	1	0	0	1	1	1	1	0	0	0	1	0	1	1	1	1	1	0	1	0	1	1	1	0	0	1	0	1	0	0
329	0	0	1	0	1	0	0	0	0	0	1	1	0	1	1	1	0	0	0	0	0	0	0	0	1	1	0	1	0	1	0	0	0	0	0	0	1	1	0	0
330	1	0	1	1	1	0	1	1	1	1	0	0	0	0	0	1	0	0	1	1	1	1	0	1	1	1	1	0	0	1	1	0	0	1	1	1	0	0	0	1
331	1	1	0	0	0	0	1	1	1	1	0	1	0	0	1	0	1	1	0	1	1	0	0	1	0	0	1	1	1	1	0	1	0	1	0	0	1	1	1	1
332	0	0	0	1	1	0	0	0	0	1	1	0	0	1	1	1	1	1	1	1	1	1	1	0	1	1	0	0	0	0	1	1	0	0	0	0	0	1	1	0
333	0	1	1	1	0	1	0	0	1	1	0	0	0	1	0	0	0	0	1	0	0	1	0	0	0	0	0	0	1	0	0	1	0	1	0	1	1	0	0	0
334	0	0	1	0	0	1	1	0	0	0	0	0	0	1	0	0	0	1	1	1	0	0	1	0	0	0	1	0	0	0	0	1	0	0	0	0	1	0	1	1
335	1	1	1	1	0	1	1	1	1	0	1	0	0	0	0	0	0	1	0	0	1	1	1	0	1	1	0	0	1	1	1	0	0	0	0	1	0	0	0	1
336	0	0	1	1	0	0	1	1	1	1	1	0	0	1	0	1	0	1	0	0	1	0	1	1	0	1	0	0	0	1	0	1	1	0	1	1	0	0	0	0
337	1	1	0	1	1	1	0	0	0	0	1	0	1	1	0	1	0	1	0	0	1	0	1	0	0	1	1	0	0	0	1	1	1	1	1	0	1	0	1	0
338	0	1	0	1	1	1	1	1	0	1	0	1	1	1	1	0	1	1	0	1	0	1	0	0	0	1	1	0	0	1	0	1	0	1	0	1	1	1	1	0
339	1	1	0	0	1	1	0	0	0	0	1	0	1	1	0	0	0	1	0	0	0	0	0	1	0	0	1	0	1	1	1	1	1	1	0	1	1	0	0	0
340	0	1	0	1	0	1	0	0	0	1	1	0	0	1	0	1	0	0	0	1	0	0	1	0	0	1	0	0	1	0	0	1	0	1	1	1	1	1	0	0
341	0	1	1	0	0	1	0	0	1	0	1	1	0	0	1	0	0	1	0	1	0	1	1	0	1	0	1	1	1	1	1	1	1	0	0	0	0	1	0	1
342	1	1	0	1	0	0	1	0	1	1	1	1	0	1	0	1	1	1	1	0	0	1	0	0	0	0	1	0	1	0	1	1	0	0	1	1	1	1	1	0
343	0	0	1	1	0	1	1	0	1	0	0	1	0	1	0	0	0	1	1	0	0	1	0	1	1	1	0	1	1	1	1	0	0	0	1	0	0	0	0	1
344	0	0	0	1	1	1	0	0	1	1	0	1	1	1	0	0	0	0	0	1	1	1	0	0	1	0	1	0	1	0	1	1	0	0	1	0	1	0	0	1
345	1	0	1	1	0	1	1	1	1	1	1	0	1	0	1	0	1	0	0	0	0	1	1	1	1	1	0	0	1	0	0	0	0	1	1	0	0	0	1	0
346	1	0	1	1	0	0	0	1	1	0	1	0	0	1	0	0	0	1	1	0	0	1	0	1	1	0	1	0	0	0	0	0	1	1	1	0	1	0	0	0
347	1	1	0	1	1	1	0	0	1	1	0	0	1	1	0	1	0	0	1	0	0	0	1	1	0	1	0	1	1	1	0	0	0	0	0	0	0	0	0	0
348	1	0	1	1	1	0	1	1	0	0	0	1	0	0	0	1	1	1	1	1	1	0	0	1	0	1	1	1	0	0	1	0	1	1	1	1	1	1	1	1
349	0	1	0	0	1	0	1	1	1	1	1	0	1	0	0	1	1	1	0	0	0	0	1	0	0	1	1	1	1	1	0	0	1	1	0	1	1	1	0	1
350	0	0	1	0	1	0	0	1	0	1	0	1	0	0	1	1	0	0	1	0	1	1	0	0	1	0	0	1	0	1	0	1	0	0	0	1	1	1	0	1
351	1	0	1	1	0	0	1	0	0	1	1	0	0	1	1	1	0	1	0	0	0	0	0	0	0	0	0	0	1	0	1	1	0	0	1	0	1	1	1	0
352	0	0	1	1	0	1	0	1	0	0	1	1	1	1	0	1	0	1	0	0	1	0	0	0	0	0	1	1	0	0	1	1	1	0	1	0	1	1	1	1
353	0	1	0	1	1	1	1	1	0	0	1	1	0	1	1	1	1	0	1	0	0	0	0	0	1	1	0	1	0	1	0	0	1	1	0	1	1	0	1	0
354	0	1	0	0	0	1	1	1	0	0	0	1	0	1	1	1	1	1	0	0	0	1	0	1	0	0	1	0	1	0	0	1	0	1	1	1	0	1	1	1
355	0	1	0	1	0	1	1	1	1	1	0	0	0	0	0	0	1	1	1	0	0	1	0	0	1	1	0	1	1	1	0	0	1	1	1	0	1	1	0	0
356	1	0	0	1	1	1	1	0	0	1	1	0	0	0	1	0	0	1	0	1	1	0	0	1	0	1	1	1	0	1	1	1	0	1	1	1	0	0	1	0
357	1	1	1	1	0	0	1	1	1	0	1	0	1	0	0	0	1	1	0	1	1	1	1	1	1	1	1	1	0	0	0	0	1	0	1	0	1	0	0	1
358	0	0	1	0	1	0	1	1	0	0	1	1	1	0	1	0	1	0	1	0	0	0	0	1	0	0	0	1	0	1	0	0	1	0	0	1	1	1	0	1
359	0	1	1	0	0	1	0	0	1	0	0	1	0	0	0	1	0	0	1	0	1	0	1	1	0	1	0	0	1	1	0	1	1	1	1	1	0	0	0	1
360	0	0	1	1	1	1	1	1	1	1	1	1	1	1	1	0	1	0	1	1	0	0	0	1	0	1	1	0	1	0	0	0	0	0	1	1	1	0	1	0
361	1	1	1	0	0	1	0	0	1	0	1	0	1	1	1	0	0	1	0	0	0	0	1	0	1	0	1	0	1	0	1	1	0	1	0	0	0	0	1	1
362	0	0	0	1	0	0	1	1	1	0	0	0	1	1	0	1	1	0	1	0	1	0	1	1	0	1	1	0	1	1	1	0	1	1	0	1	1	0	1	1
363	0	0	1	1	0	0	1	1	1	0	1	1	0	1	1	0	1	1	1	1	0	1	1	0	0	1	1	0	1	0	0	1	0	0	1	1	0	0	1	0
364	0	1	0	0	1	0	1	0	1	0	1	1	0	1	0	1	0	0	1	0	1	0	1	0	0	0	1	0	1	1	1	1	0	1	0	1	1	1	1	0
365	1	0	1	1	1	1	1	1	1	1	1	0	1	0	1	1	1	0	0	0	0	1	1	1	1	0	0	1	1	1	0	1	0	1	0	1	1	0	0	0
366	1	0	0	0	1	0	1	1	0	0	0	1	0	0	1	1	0	1	1	0	0	1	1	1	0	1	1	1	0	1	0	1	0	1	0	0	1	0	0	1
367	1	1	0	1	1	1	1	1	0	0	0	0	0	1	0	1	1	1	1	1	0	1	1	0	0	1	0	1	1	1	0	0	0	1	0	1	1	0	1	1
368	1	0	1	0	1	1	0	1	0	0	1	0	0	0	0	0	1	1	1	1	0	1	1	1	1	0	0	0	0	0	1	1	0	0	1	0	1	1	0	0
369	0	1	1	0	0	1	0	1	1	1	1	0	1	0	1	1	1	0	1	1	0	0	0	0	0	0	1	0	0	1	0	1	1	0	0	0	0	0	0	0
370	0	0	1	1	0	1	0	0	1	1	0	1	1	1	1	1	1	0	1	0	0	1	0	1	1	1	1	1	0	1	1	0	1	1	0	1	0	0	1	1
371	1	0	1	0	0	1	1	1	1	0	1	1	0	0	0	0	1	0	1	1	1	1	0	1	0	0	0	1	0	0	0	1	1	1	1	0	0	0	1	1
372	1	0	1	1	0	1	1	0	1	1	1	1	1	1	1	0	0	1	1	1	0	0	0	0	1	1	1	0	0	0	1	0	0	0	1	1	1	0	1	0
373	1	1	0	1	1	0	0	0	1	1	0	0	1	1	0	1	1	0	1	0	1	1	1	1	1	0	1	1	1	1	0	0	1	1	1	0	1	1	0	0
374	0	0	0	0	1	1	1	1	0	1	1	0	1	0	1	0	0	0	0	1	1	1	0	1	0	0	0	0	1	0	1	1	0	0	0	0	1	1	1	0
375	0	1	0	0	0	0	0	1	1	0	0	0	0	1	1	1	1	0	0	1	1	0	0	1	0	0	1	0	0	1	1	1	0	1	1	1	0	1	0	1
376	1	0	0	1	0	1	1	0	1	1	0	0	0	0	1	1	1	1	1	1	0	1	1	0	0	0	1	1	0	0	0	0	0	1	0	1	0	1	1	1
377	0	0	0	1	0	1	1	0	0	1	0	0	1	1	0	1	1	1	1	1	0	1	0	0	1	0	0	1	0	0	1	1	1	0	0	0	0	0	0	1
378	1	1	0	0	0	1	0	0	0	1	1	0	1	1	0	1	1	0	1	0	0	1	0	0	1	0	0	1	1	0	0	0	1	1	1	1	0	0	1	1
379	1	0	1	1	0	0	0	1	1	0	1	0	0	0	1	0	1	0	1	1	0	0	1	1	0	1	0	1	1	1	1	0	0	1	0	1	1	1	0	1
380	0	0	1	0	1	1	0	0	0	1	0	1	0	0	1	1	1	0	0	0	0	1	0	1	0	1	1	1	0	1	0	0	0	1	0	1	1	0	1	1
381	0	0	0	0	1	0	0	0	0	1	0	1	1	1	1	1	1	0	1	1	0	1	1	1	1	1	0	1	1	1	1	0	0	1	0	1	1	0	1	0
382	1	1	1	1	0	0	0	1	1	0	1	1	0	0	1	1	1	0	0	0	1	1	0	0	1	0	1	0	1	0	1	0	1	0	1	0	0	0	1	1
383	0	1	1	1	0	0	0	0	1	1	1	1	1	0	1	1	0	0	0	0	0	1	1	0	1	1	1	1	0	1	0	0	0	0	1	1	0	1	0	1
384	0	0	1	1	0	0	0	1	0	0	1	1	0	0	1	0	0	1	1	1	1	1	1	0	1	1	0	1	1	0	0	0	1	0	0	1	1	1	1	0
385	0	0	1	0	0	0	1	1	1	0	0	0	1	1	1	1	0	1	0	0	0	0	1	1	0	1	0	1	0	0	1	1	1	0	1	1	0	1	1	0
386	0	1	1	0	1	1	0	1	1	0	0	0	0	1	0	0	1	1	0	0	1	1	0	0	1	1	1	1	1	0	0	0	1	0	0	0	1	1	0	1
387	0	1	0	1	0	1	0	0	1	1	1	0	0	0	1	1	1	0	1	0	1	1	0	0	0	1	0	1	0	0	0	1	1	0	0	1	0	0	0	0
388	0	1	0	1	0	0	1	1	0	1	0	0	1	1	0	1	1	0	0	0	0	0	0	0	1	0	1	1	0	1	0	0	0	1	0	1	1	1	1	1
389	0	1	0	0	1	0	0	0	0	0	0	0	1	0	0	1	1	0	1	0	1	1	1	0	0	1	1	1	0	1	1	0	1	1	0	0	0	1	1	0
390	1	1	0	0	1	0	0	1	0	1	1	1	1	1	1	1	0	0	0	0	0	0	1	0	0	0	1	1	1	0	1	1	0	1	1	1	1	1	0	0
391	0	1	1	0	1	0	0	0	0	0	0	0	1	0	0	1	1	1	1	1	1	0	1	0	0	0	0	0	1	0	1	1	0	0	0	1	1	1	0	1
392	1	0	1	1	1	0	1	1	1	1	1	0	1	1	1	1	0	1	0	1	0	0	0	1	1	0	0	0	0	0	0	0	0	0	1	1	0	1	1	0
393	0	1	0	0	0	1	1	1	1	1	1	1	0	0	0	0	0	1	1	1	1	1	0	1	0	1	1	1	1	1	1	1	1	0	1	0	0	0	1	1
394	1	0	1	1	1	1	0	1	1	0	1	0	0	0	0	1	0	1	0	0	1	0	1	1	1	1	1	1	0	0	0	1	1	0	1	0	0	0	1	0
395	1	0	1	0	0	1	0	0	1	0	0	0	1	0	0	1	0	0	1	1	0	1	0	1	0	1	1	0	0	0	0	1	0	0	1	1	1	0	0	1
396	0	1	1	1	0	0	1	0	1	1	1	0	1	0	1	0	0	0	1	1	1	0	0	1	1	1	0	1	1	1	0	0	1	0	1	0	1	1	0	0
397	0	1	0	0	0	1	1	1	1	0	0	1	1	1	0	1	1	1	1	0	0	1	1	0	1	0	1	1	1	0	1	0	0	1	0	1	1	0	1	1
398	0	1	0	1	1	1	0	1	0	1	1	1	0	0	0	1	0	1	0	0	1	0	0	1	0	0	1	1	1	0	0	1	1	0	0	0	1	0	0	0
399	1	1	1	0	1	1	1	1	0	0	0	1	1	0	0	0	0	0	1	1	1	0	0	1	0	1	0	0	1	1	0	1	1	0	0	0	1	0	1	1
400	0	1	1	1	0	1	0	1	1	1	0	1	1	1	0	0	0	0	0	0	1	0	0	1	0	0	1	0	0	0	1	1	0	0	0	0	1	1	0	1
401	1	0	1	0	1	0	0	1	0	0	1	1	1	0	1	1	0	0	1	1	0	0	1	0	1	0	1	0	1	0	1	0	1	1	1	0	0	0	1	0
402	0	1	1	1	0	0	1	1	1	0	1	1	1	1	0	1	0	1	0	1	0	1	1	0	1	1	1	0	0	1	0	0	0	0	0	1	1	0	1	0
403	1	1	0	0	0	1	1	1	1	1	0	0	0	0	1	0	0	0	0	1	1	1	1	1	1	0	1	1	0	1	0	1	1	1	0	0	1	1	0	0
404	1	1	0	0	1	1	0	1	0	1	0	1	0	0	0	1	1	1	1	1	1	1	1	1	1	0	1	1	0	1	0	0	1	1	0	0	0	0	1	1
405	0	1	1	1	0	0	0	0	1	1	0	1	1	1	0	0	0	0	1	1	0	0	1	0	1	1	0	0	1	1	0	1	1	1	1	0	0	1	1	0
406	1	1	0	1	0	1	1	1	0	0	1	0	0	0	0	0	1	0	0	1	1	1	0	1	1	0	0	0	0	1	0	1	1	1	0	1	1	0	0	0
407	1	0	0	1	0	1	1	0	1	0	1	1	1	0	1	0	0	0	1	0	1	1	1	1	1	0	0	1	1	1	0	0	0	1	0	0	0	0	0	0
408	1	0	1	0	0	1	1	0	0	0	1	1	0	0	1	1	1	1	1	0	1	1	0	1	0	0	1	0	1	0	0	0	0	1	0	1	1	1	0	0
409	0	0	0	1	1	1	0	1	1	0	0	1	0	0	0	0	1	1	1	1	1	0	0	0	0	0	0	1	0	0	0	0	0	1	0	0	1	0	0	1
410	1	0	1	1	1	0	0	1	1	0	1	0	1	1	0	0	1	0	1	1	1	0	0	1	0	1	1	0	0	1	1	1	1	1	1	0	1	0	0	1
411	1	0	1	0	1	1	1	0	1	0	1	0	0	0	0	1	0	1	1	1	0	1	0	1	0	0	0	0	0	1	0	0	1	0	0	1	1	0	0	0
412	1	1	0	0	1	0	0	0	0	1	1	1	1	1	0	0	0	1	1	0	0	0	1	0	1	0	1	0	0	0	1	0	0	1	0	0	0	1	1	0
413	0	0	0	0	0	0	1	0	0	1	0	1	1	1	1	1	0	1	1	0	0	1	0	1	0	0	0	0	0	0	0	1	1	1	1	1	1	1	1	1
414	1	0	0	1	1	0	0	0	0	0	1	0	0	0	1	0	0	1	1	0	0	1	0	1	1	1	1	1	1	0	0	0	1	1	0	1	1	1	1	0
415	0	1	1	0	1	0	0	0	1	0	0	0	1	0	1	1	1	0	1	0	0	1	0	1	0	1	0	1	0	0	0	0	0	0	0	1	1	1	0	0
416	1	0	1	0	1	1	1	1	0	0	1	0	1	1	1	0	1	1	0	0	1	0	0	0	1	1	1	1	1	1	0	1	1	0	0	0	1	0	1	1
417	1	0	1	0	1	0	1	0	0	1	0	0	1	1	1	0	0	0	1	0	1	1	0	1	1	1	1	1	0	1	0	1	0	1	0	0	1	0	1	1
418	0	1	1	0	1	0	0	1	1	1	1	1	1	0	1	0	0	1	1	0	1	1	0	0	1	1	1	0	1	1	0	1	1	0	1	1	1	1	0	0
419	0	1	0	1	0	1	0	1	1	0	1	0	0	1	0	0	0	0	0	1	1	1	0	1	0	1	1	1	1	0	1	1	1	1	0	1	1	0	1	0
420	0	1	1	1	1	0	0	1	0	1	0	0	1	1	1	0	0	1	0	1	1	1	0	1	1	1	0	0	0	1	0	0	1	0	1	0	1	1	0	1
421	1	1	0	0	0	1	1	1	1	1	1	1	0	0	0	0	0	0	0	0	1	0	1	0	1	1	0	1	0	1	1	0	0	0	1	1	0	1	1	0
422	0	0	1	0	0	0	0	0	0	1	0	1	0	0	1	1	1	0	1	1	0	0	1	0	1	1	1	1	0	0	1	1	1	0	0	0	0	1	1	0
423	0	1	0	0	1	0	0	0	0	1	1	1	0	1	0	1	0	1	1	1	1	1	0	1	0	0	1	1	0	0	0	1	0	1	1	0	1	1	0	0
424	0	1	0	0	0	1	0	0	1	1	0	1	1	1	1	1	1	0	1	0	0	0	1	1	1	0	1	1	0	0	1	1	1	1	1	1	0	0	1	1
425	0	0	1	1	0	1	1	1	1	0	0	0	1	0	1	1	1	1	1	0	1	1	1	1	0	1	0	1	1	0	1	0	0	0	1	1	1	0	0	1
426	0	0	0	1	0	0	0	1	1	0	1	1	0	0	0	1	0	0	0	0	1	1	1	1	0	1	1	0	1	1	1	1	1	1	0	0	0	0	0	0
427	1	1	0	0	1	1	0	1	0	0	1	0	0	0	0	0	1	1	0	1	0	0	1	0	0	0	0	1	0	1	0	0	0	1	0	1	0	0	0	0
428	1	1	0	1	0	0	1	1	1	0	0	1	1	1	0	1	1	1	0	0	0	0	0	0	1	0	1	0	1	0	1	1	0	1	0	1	0	1	0	1
429	0	1	0	1	1	0	1	0	1	0	0	0	1	0	1	1	0	0	1	0	0	0	1	0	1	1	0	0	0	1	0	0	0	1	0	0	0	1	0	1
430	0	0	0	1	0	1	1	1	0	1	0	1	1	1	1	1	1	0	1	0	0	0	0	0	1	0	1	1	1	0	0	0	0	1	0	1	0	0	1	0
431	1	0	1	0	0	0	0	0	1	1	1	0	1	1	1	0	1	0	0	0	0	0	1	0	0	0	0	0	1	1	1	0	0	0	1	0	0	1	1	0
432	0	0	0	0	1	1	1	0	0	0	1	1	0	0	1	1	1	0	0	0	1	0	1	0	1	1	1	1	0	1	0	0	1	1	1	0	0	0	0	1
433	1	1	0	1	1	0	1	1	0	0	1	0	0	1	0	0	0	1	1	1	0	0	0	0	0	1	0	0	0	1	1	0	1	0	0	1	1	1	0	0
434	1	1	0	1	0	1	1	0	1	0	1	1	1	1	1	0	1	0	0	1	0	0	0	1	0	1	0	1	1	1	1	0	0	1	1	1	0	1	0	0
435	1	1	0	1	1	0	0	0	0	0	0	1	0	1	1	1	0	1	0	0	0	1	0	0	1	1	0	1	0	1	1	1	0	1	0	1	1	1	1	1
436	0	0	1	0	0	1	0	1	1	1	0	0	1	0	0	0	1	1	0	1	1	0	0	1	0	1	1	1	1	1	0	0	1	0	1	1	1	0	1	1
437	0	0	0	1	1	1	0	0	0	1	1	1	0	0	1	1	1	0	1	1	1	0	1	0	0	0	1	0	0	0	0	0	1	1	1	0	0	0	1	0
438	0	1	1	0	0	1	0	0	1	0	0	1	0	0	1	1	0	0	0	0	0	0	0	0	0	1	1	0	0	1	0	0	1	0	0	0	0	0	1	1
439	0	1	1	1	1	1	0	1	0	1	0	0	0	0	0	0	1	1	1	0	1	0	0	1	0	1	1	0	0	1	0	0	0	0	0	0	0	0	0	1
440	1	0	1	1	0	0	0	1	1	1	0	0	0	1	0	0	1	1	1	1	1	0	0	1	0	1	1	1	0	1	1	1	0	0	1	1	1	1	1	1
441	1	0	0	1	0	0	0	1	0	0	0	0	1	1	0	0	1	1	0	0	1	0	0	1	1	0	0	1	0	0	0	1	0	1	0	1	1	1	1	1
442	0	1	0	1	1	0	0	0	1	0	1	0	0	1	0	1	0	0	1	0	0	1	0	1	1	1	1	1	0	0	1	1	0	0	0	1	1	1	0	0
443	1	0	1	1	1	1	1	0	1	1	1	1	1	1	0	1	1	0	1	1	0	0	0	1	0	0	1	1	1	1	1	0	1	0	0	0	1	1	0	1
444	1	0	0	0	0	1	1	1	1	0	1	0	1	1	0	0	0	0	1	1	0	0	1	1	0	1	0	0	0	1	1	0	1	0	1	1	1	0	0	0
445	0	1	1	0	1	1	0	0	0	1	1	0	0	0	1	0	1	1	0	0	0	1	1	0	1	1	1	0	0	1	0	1	0	1	1	1	0	0	0	1
446	0	0	0	0	1	1	0	0	0	0	1	1	1	0	0	1	1	0	1	1	0	0	1	1	1	0	1	0	0	1	1	0	1	1	1	1	0	1	0	0
447	0	0	1	1	0	0	1	0	1	0	1	1	0	1	0	0	1	1	1	0	1	1	0	0	1	0	0	0	1	1	0	0	1	0	0	0	1	1	1	0
448	0	0	0	0	0	0	0	1	1	1	1	0	1	1	0	1	1	1	0	0	1	1	1	0	1	0	1	1	0	0	0	1	1	1	1	1	0	1	1	1
449	1	0	0	1	1	0	0	0	0	1	1	1	1	1	0	0	0	0	1	0	1	1	1	0	1	0	1	0	1	1	0	0	0	1	0	1	0	1	0	0
450	1	0	1	0	1	1	1	1	0	1	0	1	1	0	0	1	1	1	0	0	0	1	0	0	1	0	1	0	1	0	0	1	1	0	0	1	1	1	1	0
451	1	1	0	0	0	0	0	1	1	1	0	0	0	1	1	1	0	0	0	0	0	0	1	1	1	1	1	1	1	0	0	1	0	0	1	1	0	0	0	1
452	0	1	0	0	0	1	1	1	1	1	0	0	0	0	0	1	1	0	1	1	1	0	1	1	0	0	1	0	0	1	1	0	1	0	1	0	0	1	0	1
453	0	1	1	1	0	1	1	0	1	0	0	0	0	0	0	1	0	0	1	0	0	1	1	0	1	0	0	0	0	1	0	0	1	0	0	1	1	1	1	1
454	0	1	0	0	0	1	0	0	1	0	1	1	1	0	0	1	1	0	0	0	1	1	0	0	1	1	0	0	0	0	1	1	1	1	1	0	1	1	0	0
455	1	1	1	0	1	1	0	0	1	0	0	0	1	0	1	1	0	1	1	1	1	1	1	0	1	1	1	0	0	0	1	1	1	0	0	1	0	0	0	1
456	0	1	1	0	0	1	1	1	1	0	1	0	0	1	1	1	1	1	1	1	0	0	1	0	0	0	0	1	0	1	0	0	1	0	0	1	0	0	0	0
457	0	1	0	1	1	0	1	0	0	1	1	1	0	1	1	1	1	0	1	1	0	0	0	0	1	1	0	0	1	1	1	1	1	1	0	0	0	0	0	0
458	0	1	0	0	0	0	0	0	1	1	1	1	0	1	0	1	0	0	0	1	0	1	0	0	0	0	0	1	1	1	1	1	1	1	1	1	0	0	0	0
459	1	0	0	0	1	0	0	1	0	1	0	0	1	1	1	1	0	0	1	0	0	0	0	0	1	1	1	0	1	1	0	1	0	0	1	1	0	1	0	1
460	1	0	0	0	0	0	0	1	1	1	0	0	1	0	0	0	1	0	1	0	0	0	0	1	0	1	0	0	1	0	0	1	1	1	1	1	1	1	1	1
461	1	0	1	1	0	0	0	0	1	0	0	1	0	0	0	0	0	0	1	1	1	0	1	1	0	0	0	1	0	0	1	0	0	0	0	0	0	0	1	1
462	0	0	1	0	1	0	1	1	0	1	1	0	0	1	1	1	0	1	0	1	1	1	1	0	1	1	0	0	0	0	0	0	1	1	0	0	0	1	0	1
463	0	0	0	1	1	1	0	0	0	0	0	0	1	0	1	1	1	1	0	0	1	0	1	1	1	1	0	1	0	0	1	0	0	1	1	0	0	1	0	1
464	0	1	1	1	1	1	1	1	0	0	0	0	0	0	0	0	1	1	1	0	0	1	1	0	0	1	1	1	1	1	1	1	0	1	1	0	0	0	0	1
465	0	1	1	0	0	0	1	0	1	1	1	1	0	1	0	1	1	1	0	1	0	0	1	1	0	1	0	0	1	0	0	1	1	0	0	0	1	1	0	0
466	0	0	0	1	1	0	0	0	0	0	1	1	1	1	1	0	0	0	1	1	1	1	0	0	1	0	1	0	1	0	1	1	0	1	1	1	1	0	1	1
467	0	1	0	0	0	1	1	0	1	1	1	0	0	0	1	1	0	0	1	1	0	0	1	1	1	1	0	0	0	1	1	0	1	0	0	0	0	0	1	0
468	0	1	1	1	0	1	0	0	0	1	1	1	1	1	0	1	1	1	1	0	1	1	0	0	1	0	0	1	1	1	0	0	1	0	0	0	1	0	1	0
469	0	0	0	0	0	1	1	0	1	1	1	1	0	1	1	1	1	0	1	0	1	1	0	0	1	0	0	1	1	1	0	0	0	1	1	1	1	0	0	1
470	0	0	0	0	1	0	1	1	1	0	1	1	0	1	0	1	1	1	0	1	0	1	1	1	1	0	1	1	1	0	0	0	0	1	1	0	1	0	1	0
471	0	1	0	0	0	0	1	0	0	0	1	1	1	1	1	1	0	0	0	1	1	1	1	0	0	1	1	1	0	0	0	0	1	1	1	0	0	1	0	0
472	1	0	1	1	1	1	1	0	1	1	1	1	1	0	0	0	1	1	0	0	0	1	0	1	0	1	0	0	1	0	0	1	0	1	1	0	1	0	0	0
473	0	1	0	1	0	1	0	0	1	0	0	1	0	0	1	0	0	1	0	1	0	1	0	0	0	0	1	1	0	1	0	1	1	1	1	1	1	0	1	1
474	0	1	0	0	0	1	0	0	0	1	0	0	0	1	0	1	1	1	0	0	1	0	1	0	0	1	0	0	0	1	0	0	0	1	0	0	0	0	0	1
475	1	1	1	1	0	1	0	1	1	1	0	0	1	0	0	1	1	1	0	0	0	1	0	1	1	0	0	0	1	1	1	0	1	1	0	1	0	0	1	1
476	1	1	1	0	0	1	1	0	1	1	1	1	0	0	0	1	1	0	1	1	0	1	1	1	0	0	1	0	1	0	1	1	0	0	0	1	0	0	1	0
477	1	1	1	0	0	0	1	0	1	1	0	1	0	1	1	1	1	0	0	0	1	1	0	1	0	1	1	0	1	1	1	1	1	0	0	0	1	1	1	1
478	0	0	0	1	1	0	1	1	1	0	1	0	0	0	1	1	0	1	0	1	1	0	0	0	0	1	0	0	0	0	0	1	0	1	1	1	1	0	1	1
479	0	0	1	1	1	0	1	1	0	1	0	1	1	1	1	1	1	0	1	0	0	1	0	0	0	1	0	0	1	1	1	1	1	0	0	1	1	1	1	1
480	1	0	0	1	0	0	0	1	1	0	0	0	0	1	1	0	1	1	1	1	1	1	0	0	0	1	0	1	0	1	1	0	0	1	1	0	0	0	0	0
481	0	1	0	1	0	1	0	0	1	0	1	0	0	0	1	0	0	1	0	0	0	0	1	1	1	0	0	1	0	1	1	0	0	1	0	1	0	0	1	0
482	0	0	1	0	1	0	1	0	0	1	1	0	1	1	0	0	1	0	0	1	0	0	1	1	1	1	1	0	1	0	0	1	0	0	0	1	0	1	0	0
483	1	1	1	0	1	1	0	0	0	0	0	1	1	0	1	1	1	1	0	0	1	0	0	1	1	1	0	1	0	0	1	0	0	1	0	1	1	0	1	0
484	0	1	0	1	1	1	0	0	0	1	1	1	1	0	1	0	1	1	1	1	1	0	1	0	0	0	0	0	0	1	1	0	0	1	1	1	0	1	1	0
485	1	1	1	1	0	1	1	0	0	0	1	1	1	0	0	1	1	0	0	0	1	1	0	1	1	1	0	1	0	1	0	1	0	1	1	0	1	1	1	0
486	1	1	0	1	1	1	1	0	0	1	0	0	0	0	1	0	1	1	1	0	1	0	1	0	1	0	1	1	0	0	1	1	1	1	0	0	0	1	0	1
487	0	1	1	0	1	1	0	1	1	1	0	0	1	0	1	1	0	1	0	1	0	0	1	1	1	0	0	0	0	0	1	1	1	0	0	0	1	0	1	1
488	1	0	1	0	1	0	0	1	0	0	1	0	0	0	1	1	1	0	0	0	0	0	1	1	0	1	1	1	1	0	0	0	0	0	0	0	0	1	0	1
489	0	0	0	0	1	0	0	0	0	0	1	0	1	1	0	1	1	0	0	0	1	1	0	0	0	0	1	1	0	0	0	1	0	1	1	0	1	1	1	0
490	1	0	0	0	1	0	1	1	0	0	1	0	0	1	1	0	0	1	1	0	1	0	0	0	0	1	0	0	1	0	0	0	0	0	1	1	1	1	1	1
491	1	1	0	1	0	0	1	1	1	0	0	1	0	1	1	0	1	1	0	0	0	0	0	0	0	0	1	0	1	1	1	0	0	1	1	1	0	1	0	1
492	0	0	0	0	0	1	1	1	1	0	1	0	0	1	1	1	0	0	0	1	1	1	0	0	1	0	0	1	0	1	1	1	0	0	0	1	1	0	0	0
493	1	0	0	1	0	0	1	0	1	1	0	0	1	0	0	0	1	0	1	1	0	0	0	1	1	1	1	1	0	0	1	0	1	1	1	1	1	1	0	1
494	0	0	1	0	0	1	0	0	0	1	0	0	0	0	0	1	0	1	0	0	0	1	1	0	1	0	1	1	1	1	0	1	0	0	0	1	0	0	1	1
495	1	1	1	0	1	1	1	1	1	1	1	1	1	0	1	0	1	1	1	1	0	1	1	0	0	1	0	0	0	1	0	1	0	0	0	1	0	0	0	0
496	1	0	1	1	1	1	1	1	1	0	0	0	0	1	1	1	1	1	1	1	1	1	0	0	0	0	0	1	1	1	0	0	1	0	1	0	1	1	1	1
497	0	1	1	0	1	0	1	1	0	1	1	1	1	1	1	1	0	1	1	0	0	0	1	0	1	1	0	0	1	0	1	0	1	0	0	1	0	1	1	0
498	0	0	0	1	1	0	1	0	1	1	0	1	0	0	0	0	1	0	0	0	1	0	0	0	1	1	1	1	1	1	0	1	0	0	0	1	1	1	0	1
499	0	0	1	1	0	0	1	1	1	1	0	0	1	1	1	0	0	0	1	1	0	0	0	1	0	1	1	1	1	1	0	0	0	0	0	0	1	1	0	0
500	1	1	0	1	1	1	0	1	0	1	0	0	0	0	1	0	0	1	0	1	1	1	1	1	0	1	0	0	1	1	1	0	0	1	0	1	0	0	1	1
